"RelativePath","Category","Width","Height","Bytes","SHA256"
"00-currently-used\alex_revised_hair-thumb180x220.jpg","00-currently-used","180","220","12061","D98DFF4E08479D1235556C51383836CE0977C7F644DC79B2C85673D6DEF7E42A"
"00-currently-used\galactic-peggy.jpg","00-currently-used","600","720","82200","0679B82A783E443C92DF03366E30351BA9C950504D7C2EB877E03794A4B61D8E"
"00-currently-used\John_180x220-thumb180x220.jpg","00-currently-used","180","220","11627","E3F939FDB72195D4470E3648B18256FFAA23B98ED0E3D86E966844E1474077CA"
"00-currently-used\Lance_180x220-thumb180x220.jpg","00-currently-used","180","220","10484","3ABD7DD10029EBC7DE0D1651B1D4880BA9EFD79B570ABD83B4E21A212A20CB55"
"00-currently-used\Leslie_180x220-thumb180x220.jpg","00-currently-used","180","220","11312","968E6008E56DA9F2914F49D2BD2D6E93C65A87B02FB807C8849A8F5526B646CB"
"00-currently-used\logo.png","00-currently-used","268","67","6005","6EAF81A321FAFA78A643D6E9847748F0F3EC3819D9A631205F1D280786134EFC"
"00-currently-used\logo-footer.png","00-currently-used","197","49","4384","5074DC184D4DD1C1AC42CF5678B7FEADDA82F22DFD90F1E62ABCF0EDF560F273"
"00-currently-used\peggy-thumb180x220.jpg","00-currently-used","180","220","12564","FB324B24A62D821E88C1A7F7D324C1E182251E4864211DC8B030881E50BBDA45"
"00-currently-used\SAM_MG_8110_enhanced.webp","00-currently-used","1600","671","31844","3484C973BEFC78748AA3D2B4CF88C03D3F0ED1216CD8B50997D5E78057352AA0"
"00-currently-used\SAM_MG_8110_FPO-thumb620x260.jpg","00-currently-used","620","260","31025","A51BD2217CF7AFEBD5C165A41FFD1EFB7CFFF02119267F88930057677F5C0F05"
"00-currently-used\SAM_MG_8222_enhanced.webp","00-currently-used","1600","693","75090","7E587040EA08B60AC6D5476DD851ABA3571920736593AE499CD246681C746419"
"00-currently-used\SAM_MG_8429_enhanced.webp","00-currently-used","1600","693","76742","B192F833055A60EF864A866B57F0AC7A58C96B116F46C106524BC01EDE1F3751"
"00-currently-used\SAM_MG_8636_enhanced.webp","00-currently-used","1600","693","147746","7449CC60B5C31D96FB1F2FB6BCA3BA1C85C13ED32A261163E6BFE82B1F9DF4E6"
"00-currently-used\SAM_MG_9054_enhanced.webp","00-currently-used","1600","672","63476","2C93EBEB2D77F5C51AA0B5714A1E6CC2BD49827D36A662B7A03C857C7567D72D"
"00-currently-used\Sarah-thumb180x220.jpg","00-currently-used","180","220","15255","C593E69604193BB9960A1F388D840C7A12852E44BED415C9421982C1D472F90D"
"00-currently-used\Soleil_8_X_10_updated-thumb180x220.jpg","00-currently-used","180","220","14210","EE040B23F76F03E42C8A814136CC04CECFBCD994F05AF72A9A3C414847AE6574"
"00-currently-used\Summit_MG_8997-thumb570x430.jpg","00-currently-used","563","430","54847","4420EBA290AA72B0685287C110DAFCCE03832781000BDDA0C98D4B5DF905B459"
"01-brand\logo.png","01-brand","268","67","6005","6EAF81A321FAFA78A643D6E9847748F0F3EC3819D9A631205F1D280786134EFC"
"01-brand\logo-footer.png","01-brand","197","49","4384","5074DC184D4DD1C1AC42CF5678B7FEADDA82F22DFD90F1E62ABCF0EDF560F273"
"02-team-portraits\alex_revised_hair-thumb180x220.jpg","02-team-portraits","180","220","12061","D98DFF4E08479D1235556C51383836CE0977C7F644DC79B2C85673D6DEF7E42A"
"02-team-portraits\galactic-peggy.jpg","02-team-portraits","600","720","82200","0679B82A783E443C92DF03366E30351BA9C950504D7C2EB877E03794A4B61D8E"
"02-team-portraits\John_180x220-thumb180x220.jpg","02-team-portraits","180","220","11627","E3F939FDB72195D4470E3648B18256FFAA23B98ED0E3D86E966844E1474077CA"
"02-team-portraits\Lance_180x220-thumb180x220.jpg","02-team-portraits","180","220","10484","3ABD7DD10029EBC7DE0D1651B1D4880BA9EFD79B570ABD83B4E21A212A20CB55"
"02-team-portraits\Leslie_180x220-thumb180x220.jpg","02-team-portraits","180","220","11312","968E6008E56DA9F2914F49D2BD2D6E93C65A87B02FB807C8849A8F5526B646CB"
"02-team-portraits\peggy-thumb180x220.jpg","02-team-portraits","180","220","12564","FB324B24A62D821E88C1A7F7D324C1E182251E4864211DC8B030881E50BBDA45"
"02-team-portraits\Sarah-thumb180x220.jpg","02-team-portraits","180","220","15255","C593E69604193BB9960A1F388D840C7A12852E44BED415C9421982C1D472F90D"
"02-team-portraits\Soleil_8_X_10_updated-thumb180x220.jpg","02-team-portraits","180","220","14210","EE040B23F76F03E42C8A814136CC04CECFBCD994F05AF72A9A3C414847AE6574"
"03-team-editorial\John_casual.jpg","03-team-editorial","570","380","64390","54AF4DAA8D05972AAE62CE5E0785E9741BC19D179391B7B5394AA3AE4D8BEE05"
"03-team-editorial\John_casual-thumb570x430.jpg","03-team-editorial","570","380","55310","47F81D42B1A5DD89F3CEA8314A7EDB540E3D510D3236D5A33DA0FE29418EB773"
"03-team-editorial\john-thumb938x406.jpg","03-team-editorial","938","406","113591","6EF546855A2CB5E049A8379B3F3C9BD9AB6D1B039B6DE6BA5A0B9F2DB9960D12"
"03-team-editorial\Leslie_casual.jpg","03-team-editorial","570","380","46479","EAA2A48E10C17B97823041905A8011CDAF9BFFA680A59A6E5D8956DFA2111379"
"03-team-editorial\Leslie_casual-thumb570x430.jpg","03-team-editorial","570","380","45447","8DC143414F9BE171EE8AED6A2F694869887B1B51AC97CC849315BF21FA9FF8E7"
"03-team-editorial\Soleil_with_painting.jpg","03-team-editorial","2399","1721","347119","BA2E6A129132E517E6C54839D6E90CE97B75A5C0B4CA468003B279DB0114E948"
"03-team-editorial\Soleil_with_painting-thumb570x430.jpg","03-team-editorial","570","408","61981","E2915663E41D91CD25FB806578C75F83160E69F3128E63A885DEE8A809C9CD86"
"03-team-editorial\Summit_MG_8130.jpg","03-team-editorial","667","444","91513","4ED692C139F530665E1D94A2D20C60C7B3250D0C9B7A52753F78393A8DC8CA3F"
"03-team-editorial\Summit_MG_8130-thumb570x430.jpg","03-team-editorial","570","379","81438","E7DA0CC6E4F8424F7115332C8533A342AD7411AE5690B690D37DE59CB27BEF36"
"03-team-editorial\Summit_MG_8530.jpg","03-team-editorial","667","491","82064","0D33F02DAD1CEA373752F2486CF421B1AEB9D30592136B60CF69F95FBBA3DE47"
"03-team-editorial\Summit_MG_8530-thumb570x430.jpg","03-team-editorial","570","419","56377","FCFE7DA5280DC11BD214AB2363A1DBF96CA1FE48655E1DA481D763E50B90D2D5"
"03-team-editorial\Summit_MG_8619.jpg","03-team-editorial","667","444","54100","BD20243D403CD243F04EBA9F93D6092DE20A681E4A4C3AD8C4A1575A0C05F43B"
"03-team-editorial\Summit_MG_8619-thumb570x430.jpg","03-team-editorial","570","379","49462","067541286BA4AEC7C408C89F495FC5B2F66EDCED3C5438BA72C7FBD272660A3D"
"03-team-editorial\Summit_MG_8997.jpg","03-team-editorial","667","509","65486","B2EB4DD6A0744C58472A21C7BFABA4D426F740F312EB5F7FB1E87ECC0B716D50"
"03-team-editorial\Summit_MG_8997-thumb570x430.jpg","03-team-editorial","563","430","54847","4420EBA290AA72B0685287C110DAFCCE03832781000BDDA0C98D4B5DF905B459"
"04-broll-originals\_MG_9114b_1-thumb620x260.jpg","04-broll-originals","620","260","65863","E04DB4CF874605C4CD98DDDB3EFA50769FCCFA5F10424891A963F565841EABBA"
"04-broll-originals\SAM_MG_0059_FPO-thumb938x406.jpg","04-broll-originals","938","406","108044","D4527381A4D18D3CB82D6EE80CDF5965A0CC7FE9D178D7FA0E747B98514496D7"
"04-broll-originals\SAM_MG_0091_FPO-thumb620x260.jpg","04-broll-originals","620","260","50878","159DECEB9CE499623E86F9DDB0690086216F962981677817CD6A984ECCB5942A"
"04-broll-originals\SAM_MG_0099_FPO-thumb620x260.jpg","04-broll-originals","620","260","71936","76A8D881A2D24A9C153E7FD509BD7952B010181E6571E5D82AA82517DA150B1B"
"04-broll-originals\SAM_MG_8110_FPO-thumb620x260.jpg","04-broll-originals","620","260","31025","A51BD2217CF7AFEBD5C165A41FFD1EFB7CFFF02119267F88930057677F5C0F05"
"04-broll-originals\SAM_MG_8222_FPO-thumb938x406.jpg","04-broll-originals","938","406","66093","4AE7A7545C302416F641C2AF33064143C9BB50C23DEB6D68EE75291B93EA5868"
"04-broll-originals\SAM_MG_8429_FPO-thumb938x406.jpg","04-broll-originals","938","406","91268","0C2FA8D12AD1A72B79CF01A7C6B2530CBA3CAFB469DE1246DD627854FCA010B9"
"04-broll-originals\SAM_MG_8636_FPO-thumb938x406.jpg","04-broll-originals","938","406","122985","67E4B7A596C6D8E93FC0B7A42252CE2A71CA08AB8FA8ECB2C94A78A92C5DB969"
"04-broll-originals\SAM_MG_8752_FPO_1-thumb620x260.jpg","04-broll-originals","620","260","79200","B9803962230A129A64194357762D7516161038BFE0837A4F54C2EAF8D08653CB"
"04-broll-originals\SAM_MG_8752_FPO-thumb620x260.jpg","04-broll-originals","620","260","79200","B9803962230A129A64194357762D7516161038BFE0837A4F54C2EAF8D08653CB"
"04-broll-originals\SAM_MG_9054_FPO-thumb620x260.jpg","04-broll-originals","620","260","42470","42026CEE969DEBB427FE293BB65A1B1B6BC8EABB4A6AE53725C87F18C3E7C750"
"04-broll-originals\Summit_MG_8212_1-thumb620x260.jpg","04-broll-originals","620","260","67135","39D16F655A97745996D63A1B35AD2C42A93D37C2B7ACC15853A24D11088B11AB"
"04-broll-originals\Summit_MG_8352-thumb620x260.jpg","04-broll-originals","620","260","50584","199B9998B866C80D4B02EE1F2C7DB7DF9FADF8ED3840C0D425FAD97C2E958D28"
"05-broll-enhanced\SAM_MG_8110_enhanced.webp","05-broll-enhanced","1600","671","31844","3484C973BEFC78748AA3D2B4CF88C03D3F0ED1216CD8B50997D5E78057352AA0"
"05-broll-enhanced\SAM_MG_8222_enhanced.webp","05-broll-enhanced","1600","693","75090","7E587040EA08B60AC6D5476DD851ABA3571920736593AE499CD246681C746419"
"05-broll-enhanced\SAM_MG_8429_enhanced.webp","05-broll-enhanced","1600","693","76742","B192F833055A60EF864A866B57F0AC7A58C96B116F46C106524BC01EDE1F3751"
"05-broll-enhanced\SAM_MG_8636_enhanced.webp","05-broll-enhanced","1600","693","147746","7449CC60B5C31D96FB1F2FB6BCA3BA1C85C13ED32A261163E6BFE82B1F9DF4E6"
"05-broll-enhanced\SAM_MG_9054_enhanced.webp","05-broll-enhanced","1600","672","63476","2C93EBEB2D77F5C51AA0B5714A1E6CC2BD49827D36A662B7A03C857C7567D72D"
"06-upscaled-approved\SAM_MG_8752_FPO-upscaled-4k-sign-restored.png","06-upscaled-approved","4096","1717","6604537","396D5D48AD7CB40F9DF0E5269D65753BF3DB0396ECA6FB711B3D164F75320847"
"06-upscaled-approved\SAM_MG_8752_FPO-upscaled-truth-safe-16x9.png","06-upscaled-approved","2696","1517","4317356","1CF643929E67416379FDC0EBA066467DA2F209B145E775BDC637EB4F75DF29CA"
